,alias,categories,coordinates,display_phone,distance,id,image_url,is_closed,location,name,phone,price,rating,review_count,transactions,url
0,bobs-pizza-chicago,"[{'alias': 'pizza', 'title': 'Pizza'}]","{'latitude': 41.853945, 'longitude': -87.6683543622494}",(312) 600-6155,5747.806191846369,1wSxClt75nOBS31--dlWYg,https://s3-media3.fl.yelpcdn.com/bphoto/NtA_-fyc9l991m2TNvMcnA/o.jpg,False,"{'address1': '1659 W 21st St', 'address2': '', 'address3': None, 'city': 'Chicago', 'zip_code': '60608', 'country': 'US', 'state': 'IL', 'display_address': ['1659 W 21st St', 'Chicago, IL 60608']}",Bob's Pizza,+13126006155,$$,5.0,95,"['pickup', 'delivery']",https://www.yelp.com/biz/bobs-pizza-chicago?adjust_creative=1siSLt3fuYEtiouLlx1Rkg&utm_campaign=yelp_api_v3&utm_medium=api_v3_business_search&utm_source=1siSLt3fuYEtiouLlx1Rkg
1,stix-n-brix-wood-fired-pizza-chicago,"[{'alias': 'pizza', 'title': 'Pizza'}, {'alias': 'sandwiches', 'title': 'Sandwiches'}]","{'latitude': 41.8347077589943, 'longitude': -87.6323673999492}",(312) 265-0219,8689.035357098232,zGd8pahz1B1AyShe1t-lvQ,https://s3-media1.fl.yelpcdn.com/bphoto/Hphuf5hUw2hWnOXpkUF9zA/o.jpg,False,"{'address1': '218 W 33rd St', 'address2': None, 'address3': '', 'city': 'Chicago', 'zip_code': '60616', 'country': 'US', 'state': 'IL', 'display_address': ['218 W 33rd St', 'Chicago, IL 60616']}",Stix n Brix Wood Fired Pizza,+13122650219,$$,5.0,81,"['pickup', 'delivery']",https://www.yelp.com/biz/stix-n-brix-wood-fired-pizza-chicago?adjust_creative=1siSLt3fuYEtiouLlx1Rkg&utm_campaign=yelp_api_v3&utm_medium=api_v3_business_search&utm_source=1siSLt3fuYEtiouLlx1Rkg
2,forno-rosso-pizzeria-napoletana-chicago,"[{'alias': 'pizza', 'title': 'Pizza'}, {'alias': 'italian', 'title': 'Italian'}, {'alias': 'bars', 'title': 'Bars'}]","{'latitude': 41.94767, 'longitude': -87.80672}",(773) 716-3000,11670.194131619479,6EiFN9NS9BQnqw8FXWiY4A,https://s3-media2.fl.yelpcdn.com/bphoto/LK3Lxn7JDxVSqegDj89KZw/o.jpg,False,"{'address1': '3719 N Harlem Ave', 'address2': None, 'address3': '', 'city': 'Chicago', 'zip_code': '60634', 'country': 'US', 'state': 'IL', 'display_address': ['3719 N Harlem Ave', 'Chicago, IL 60634']}",Forno Rosso Pizzeria Napoletana,+17737163000,$$,4.5,551,"['pickup', 'delivery']",https://www.yelp.com/biz/forno-rosso-pizzeria-napoletana-chicago?adjust_creative=1siSLt3fuYEtiouLlx1Rkg&utm_campaign=yelp_api_v3&utm_medium=api_v3_business_search&utm_source=1siSLt3fuYEtiouLlx1Rkg
3,anto-pizza-and-pasta-chicago-chicago,"[{'alias': 'italian', 'title': 'Italian'}]","{'latitude': 42.01578, 'longitude': -87.66985}",(773) 942-7427,12323.229696605315,ss_w9TZiXBnuBrTfrMtG4Q,https://s3-media3.fl.yelpcdn.com/bphoto/-fbqspcnRLDcBVYyE50NpQ/o.jpg,False,"{'address1': '1547 W Jarvis', 'address2': None, 'address3': '', 'city': 'Chicago', 'zip_code': '60626', 'country': 'US', 'state': 'IL', 'display_address': ['1547 W Jarvis', 'Chicago, IL 60626']}",Anto Pizza & Pasta Chicago,+17739427427,,5.0,55,"['pickup', 'delivery']",https://www.yelp.com/biz/anto-pizza-and-pasta-chicago-chicago?adjust_creative=1siSLt3fuYEtiouLlx1Rkg&utm_campaign=yelp_api_v3&utm_medium=api_v3_business_search&utm_source=1siSLt3fuYEtiouLlx1Rkg
4,la-crosta-woodfire-pizzeria-italiana-chicago,"[{'alias': 'pizza', 'title': 'Pizza'}, {'alias': 'italian', 'title': 'Italian'}, {'alias': 'desserts', 'title': 'Desserts'}]","{'latitude': 41.9248027560034, 'longitude': -87.6479495139774}",(773) 649-1000,3278.2237921604824,Z-SJv3keY-u2bIAnkrDq_Q,https://s3-media1.fl.yelpcdn.com/bphoto/Xam6mAWuAVmtEHmKVsvEPQ/o.jpg,False,"{'address1': '2360 N Lincoln Ave', 'address2': '', 'address3': '', 'city': 'Chicago', 'zip_code': '60614', 'country': 'US', 'state': 'IL', 'display_address': ['2360 N Lincoln Ave', 'Chicago, IL 60614']}",La Crosta Woodfire Pizzeria Italiana,+17736491000,$$,4.5,185,['pickup'],https://www.yelp.com/biz/la-crosta-woodfire-pizzeria-italiana-chicago?adjust_creative=1siSLt3fuYEtiouLlx1Rkg&utm_campaign=yelp_api_v3&utm_medium=api_v3_business_search&utm_source=1siSLt3fuYEtiouLlx1Rkg
5,roberts-pizza-and-dough-company-chicago-2,"[{'alias': 'pizza', 'title': 'Pizza'}]","{'latitude': 41.8906916389975, 'longitude': -87.6172096480698}",(312) 265-1328,5263.786397748501,Rn3o8GcYBPFJX5MWJn0r1Q,https://s3-media3.fl.yelpcdn.com/bphoto/z5Y31-0LSESL8cLqLW1dAw/o.jpg,False,"{'address1': '465 N McClurg', 'address2': '', 'address3': '', 'city': 'Chicago', 'zip_code': '60611', 'country': 'US', 'state': 'IL', 'display_address': ['465 N McClurg', 'Chicago, IL 60611']}",Robert's Pizza & Dough Company,+13122651328,$$,4.5,276,[],https://www.yelp.com/biz/roberts-pizza-and-dough-company-chicago-2?adjust_creative=1siSLt3fuYEtiouLlx1Rkg&utm_campaign=yelp_api_v3&utm_medium=api_v3_business_search&utm_source=1siSLt3fuYEtiouLlx1Rkg
6,the-stopalong-chicago,"[{'alias': 'pizza', 'title': 'Pizza'}, {'alias': 'burgers', 'title': 'Burgers'}, {'alias': 'salad', 'title': 'Salad'}]","{'latitude': 41.91426, 'longitude': -87.68393}",(773) 394-4694,1136.6475635624713,Nza-kbPzUfFMZGyJz12sYg,https://s3-media4.fl.yelpcdn.com/bphoto/DC3r4p8Qm_uk8efhPUFrnQ/o.jpg,False,"{'address1': '1812 N Milwaukee Ave', 'address2': '', 'address3': None, 'city': 'Chicago', 'zip_code': '60647', 'country': 'US', 'state': 'IL', 'display_address': ['1812 N Milwaukee Ave', 'Chicago, IL 60647']}",The StopAlong,+17733944694,$$,4.5,190,"['pickup', 'delivery']",https://www.yelp.com/biz/the-stopalong-chicago?adjust_creative=1siSLt3fuYEtiouLlx1Rkg&utm_campaign=yelp_api_v3&utm_medium=api_v3_business_search&utm_source=1siSLt3fuYEtiouLlx1Rkg
7,jimmys-pizza-café-chicago-2,"[{'alias': 'pizza', 'title': 'Pizza'}, {'alias': 'cafes', 'title': 'Cafes'}]","{'latitude': 41.9757474517431, 'longitude': -87.6921836227971}",(773) 293-6992,7939.125012345347,0ZENqrACvQ4tiMvFEkgVPg,https://s3-media2.fl.yelpcdn.com/bphoto/vRrDrjdBYEQifinUtkMIig/o.jpg,False,"{'address1': '5159 N Lincoln Ave', 'address2': '', 'address3': '', 'city': 'Chicago', 'zip_code': '60625', 'country': 'US', 'state': 'IL', 'display_address': ['5159 N Lincoln Ave', 'Chicago, IL 60625']}",Jimmy's Pizza Café,+17732936992,$,4.5,576,"['pickup', 'delivery']",https://www.yelp.com/biz/jimmys-pizza-caf%C3%A9-chicago-2?adjust_creative=1siSLt3fuYEtiouLlx1Rkg&utm_campaign=yelp_api_v3&utm_medium=api_v3_business_search&utm_source=1siSLt3fuYEtiouLlx1Rkg
8,pizzeria-bebu-chicago,"[{'alias': 'pizza', 'title': 'Pizza'}]","{'latitude': 41.90912, 'longitude': -87.65087}",(312) 280-6000,2272.2736489836857,2YpaHOHIsOmO8CKAl8OK6g,https://s3-media3.fl.yelpcdn.com/bphoto/tHMtb3kSCUnIq2IF1Djitg/o.jpg,False,"{'address1': '1521 N Fremont St', 'address2': None, 'address3': '', 'city': 'Chicago', 'zip_code': '60642', 'country': 'US', 'state': 'IL', 'display_address': ['1521 N Fremont St', 'Chicago, IL 60642']}",Pizzeria Bebu,+13122806000,$$,4.5,252,[],https://www.yelp.com/biz/pizzeria-bebu-chicago?adjust_creative=1siSLt3fuYEtiouLlx1Rkg&utm_campaign=yelp_api_v3&utm_medium=api_v3_business_search&utm_source=1siSLt3fuYEtiouLlx1Rkg
9,knead-chicago-2,"[{'alias': 'pizza', 'title': 'Pizza'}, {'alias': 'gelato', 'title': 'Gelato'}, {'alias': 'italian', 'title': 'Italian'}]","{'latitude': 41.910211, 'longitude': -87.680272}",(773) 974-6004,598.8177340047259,GPN0FxOs2WU1_0JGj4KvIA,https://s3-media3.fl.yelpcdn.com/bphoto/55kkns2N6GeB9CsldTteHg/o.jpg,False,"{'address1': '2101 W North Ave', 'address2': '', 'address3': None, 'city': 'Chicago', 'zip_code': '60647', 'country': 'US', 'state': 'IL', 'display_address': ['2101 W North Ave', 'Chicago, IL 60647']}",Knead,+17739746004,$$,4.5,102,"['pickup', 'delivery']",https://www.yelp.com/biz/knead-chicago-2?adjust_creative=1siSLt3fuYEtiouLlx1Rkg&utm_campaign=yelp_api_v3&utm_medium=api_v3_business_search&utm_source=1siSLt3fuYEtiouLlx1Rkg
10,bonci-chicago,"[{'alias': 'pizza', 'title': 'Pizza'}]","{'latitude': 41.8848241, 'longitude': -87.6509421}",(312) 243-4016,3168.8819929454457,9suvIy-RGPosPcmG3IOqcQ,https://s3-media3.fl.yelpcdn.com/bphoto/WmHGFhIdDWBPr192tzfR1w/o.jpg,False,"{'address1': '161 N Sangamon St', 'address2': '', 'address3': None, 'city': 'Chicago', 'zip_code': '60607', 'country': 'US', 'state': 'IL', 'display_address': ['161 N Sangamon St', 'Chicago, IL 60607']}",Bonci,+13122434016,$$,4.5,379,"['pickup', 'delivery']",https://www.yelp.com/biz/bonci-chicago?adjust_creative=1siSLt3fuYEtiouLlx1Rkg&utm_campaign=yelp_api_v3&utm_medium=api_v3_business_search&utm_source=1siSLt3fuYEtiouLlx1Rkg
11,coalfire-pizza-chicago,"[{'alias': 'pizza', 'title': 'Pizza'}]","{'latitude': 41.89075, 'longitude': -87.65988}",(312) 226-2625,2176.3529707729444,wiNuegM8MNw9WIP0wfMmeA,https://s3-media2.fl.yelpcdn.com/bphoto/D-6PNXt1DybSef7HRrxmIA/o.jpg,False,"{'address1': '1321 W Grand Ave', 'address2': '', 'address3': '', 'city': 'Chicago', 'zip_code': '60642', 'country': 'US', 'state': 'IL', 'display_address': ['1321 W Grand Ave', 'Chicago, IL 60642']}",Coalfire Pizza,+13122262625,$$,4.0,1052,['pickup'],https://www.yelp.com/biz/coalfire-pizza-chicago?adjust_creative=1siSLt3fuYEtiouLlx1Rkg&utm_campaign=yelp_api_v3&utm_medium=api_v3_business_search&utm_source=1siSLt3fuYEtiouLlx1Rkg
12,homeslice-chicago,"[{'alias': 'pizza', 'title': 'Pizza'}, {'alias': 'bars', 'title': 'Bars'}]","{'latitude': 41.922, 'longitude': -87.65249}",(312) 789-4600,2801.3323317068243,qbpo-OPav2tv4TV5C8BFKw,https://s3-media1.fl.yelpcdn.com/bphoto/7JPZ6suN-0qmxupNJNCXRw/o.jpg,False,"{'address1': '938 W Webster', 'address2': '', 'address3': '', 'city': 'Chicago', 'zip_code': '60614', 'country': 'US', 'state': 'IL', 'display_address': ['938 W Webster', 'Chicago, IL 60614']}",Homeslice,+13127894600,$$,4.0,1014,"['pickup', 'delivery']",https://www.yelp.com/biz/homeslice-chicago?adjust_creative=1siSLt3fuYEtiouLlx1Rkg&utm_campaign=yelp_api_v3&utm_medium=api_v3_business_search&utm_source=1siSLt3fuYEtiouLlx1Rkg
13,bar-cargo-chicago,"[{'alias': 'pizza', 'title': 'Pizza'}, {'alias': 'italian', 'title': 'Italian'}]","{'latitude': 41.8926241, 'longitude': -87.6339551}",(312) 929-0065,3882.8340370870496,Mbd667MGY6N8LNtmGk2ANg,https://s3-media1.fl.yelpcdn.com/bphoto/2KzkoiWmp8S01NHnhLmM1w/o.jpg,False,"{'address1': '605 N Wells St', 'address2': '', 'address3': None, 'city': 'Chicago', 'zip_code': '60654', 'country': 'US', 'state': 'IL', 'display_address': ['605 N Wells St', 'Chicago, IL 60654']}",Bar Cargo,+13129290065,$$,4.5,145,"['pickup', 'delivery']",https://www.yelp.com/biz/bar-cargo-chicago?adjust_creative=1siSLt3fuYEtiouLlx1Rkg&utm_campaign=yelp_api_v3&utm_medium=api_v3_business_search&utm_source=1siSLt3fuYEtiouLlx1Rkg
14,the-little-meatball-pizzeria-chicago-3,"[{'alias': 'pizza', 'title': 'Pizza'}, {'alias': 'italian', 'title': 'Italian'}]","{'latitude': 41.92483, 'longitude': -87.64834}",(773) 360-8496,3273.8624164760163,b-HAZqJQ4yUuyYKJxIrhtQ,https://s3-media2.fl.yelpcdn.com/bphoto/y20wvTpR22pFsPtfsVCfFQ/o.jpg,False,"{'address1': '2364 N Lincoln Ave', 'address2': None, 'address3': '', 'city': 'Chicago', 'zip_code': '60614', 'country': 'US', 'state': 'IL', 'display_address': ['2364 N Lincoln Ave', 'Chicago, IL 60614']}",The Little Meatball Pizzeria,+17733608496,,4.5,41,"['pickup', 'delivery']",https://www.yelp.com/biz/the-little-meatball-pizzeria-chicago-3?adjust_creative=1siSLt3fuYEtiouLlx1Rkg&utm_campaign=yelp_api_v3&utm_medium=api_v3_business_search&utm_source=1siSLt3fuYEtiouLlx1Rkg
15,happy-camper-old-town-chicago,"[{'alias': 'pizza', 'title': 'Pizza'}, {'alias': 'breakfast_brunch', 'title': 'Breakfast & Brunch'}, {'alias': 'cocktailbars', 'title': 'Cocktail Bars'}]","{'latitude': 41.9042336, 'longitude': -87.6343073}",(312) 344-1634,3597.9137644194,AqJM4ZZqKnYU5z4E8DruhA,https://s3-media4.fl.yelpcdn.com/bphoto/-EAGWzaZRftbAoTMxHUAiA/o.jpg,False,"{'address1': '1209 N Wells St', 'address2': None, 'address3': '', 'city': 'Chicago', 'zip_code': '60610', 'country': 'US', 'state': 'IL', 'display_address': ['1209 N Wells St', 'Chicago, IL 60610']}",Happy Camper - Old Town,+13123441634,$$,4.0,537,"['pickup', 'delivery']",https://www.yelp.com/biz/happy-camper-old-town-chicago?adjust_creative=1siSLt3fuYEtiouLlx1Rkg&utm_campaign=yelp_api_v3&utm_medium=api_v3_business_search&utm_source=1siSLt3fuYEtiouLlx1Rkg
16,craft-pizza-chicago,"[{'alias': 'pizza', 'title': 'Pizza'}, {'alias': 'salad', 'title': 'Salad'}]","{'latitude': 41.9048454, 'longitude': -87.6775072}",(773) 442-7238,40.89921812347823,8-eWe05s8Z7I1AejHXNsEA,https://s3-media2.fl.yelpcdn.com/bphoto/Qr4NvYGMKUPZ-DHKYQTDIA/o.jpg,False,"{'address1': '1252 N Damen Ave', 'address2': '', 'address3': '', 'city': 'Chicago', 'zip_code': '60622', 'country': 'US', 'state': 'IL', 'display_address': ['1252 N Damen Ave', 'Chicago, IL 60622']}",Craft Pizza,+17734427238,$$,4.5,233,"['pickup', 'delivery']",https://www.yelp.com/biz/craft-pizza-chicago?adjust_creative=1siSLt3fuYEtiouLlx1Rkg&utm_campaign=yelp_api_v3&utm_medium=api_v3_business_search&utm_source=1siSLt3fuYEtiouLlx1Rkg
17,forno-rosso-pizzeria-napoletana-chicago-3,"[{'alias': 'pizza', 'title': 'Pizza'}, {'alias': 'italian', 'title': 'Italian'}]","{'latitude': 41.8845699, 'longitude': -87.65406}",(312) 243-6000,2998.9652877128524,2cDt9At556hf146QH_XkhQ,https://s3-media2.fl.yelpcdn.com/bphoto/08VCClLjCYrxOU5BB2pndQ/o.jpg,False,"{'address1': '1048 W Randolph St', 'address2': '', 'address3': '', 'city': 'Chicago', 'zip_code': '60607', 'country': 'US', 'state': 'IL', 'display_address': ['1048 W Randolph St', 'Chicago, IL 60607']}",Forno Rosso Pizzeria Napoletana,+13122436000,$$,4.5,384,['pickup'],https://www.yelp.com/biz/forno-rosso-pizzeria-napoletana-chicago-3?adjust_creative=1siSLt3fuYEtiouLlx1Rkg&utm_campaign=yelp_api_v3&utm_medium=api_v3_business_search&utm_source=1siSLt3fuYEtiouLlx1Rkg
18,bongiornos-italian-deli-and-pizzeria-chicago,"[{'alias': 'pizza', 'title': 'Pizza'}, {'alias': 'delis', 'title': 'Delis'}, {'alias': 'italian', 'title': 'Italian'}]","{'latitude': 41.889903, 'longitude': -87.625788}",(312) 755-1255,4624.357891488,hxq4TNNazA-sjqFvVgx_Pw,https://s3-media3.fl.yelpcdn.com/bphoto/A2VP2GZVFw23BqtZXdGxKg/o.jpg,False,"{'address1': '405 N Wabash Ave', 'address2': '', 'address3': '', 'city': 'Chicago', 'zip_code': '60611', 'country': 'US', 'state': 'IL', 'display_address': ['405 N Wabash Ave', 'Chicago, IL 60611']}",Bongiorno's Italian Deli & Pizzeria,+13127551255,$$,4.0,586,"['pickup', 'delivery']",https://www.yelp.com/biz/bongiornos-italian-deli-and-pizzeria-chicago?adjust_creative=1siSLt3fuYEtiouLlx1Rkg&utm_campaign=yelp_api_v3&utm_medium=api_v3_business_search&utm_source=1siSLt3fuYEtiouLlx1Rkg
19,spacca-napoli-chicago,"[{'alias': 'pizza', 'title': 'Pizza'}, {'alias': 'italian', 'title': 'Italian'}]","{'latitude': 41.963286, 'longitude': -87.673801}",(773) 878-2420,6471.703485933878,0fFLUKl71vv3eNV2xhikEw,https://s3-media2.fl.yelpcdn.com/bphoto/wNzXwZlrUFTs_BlsShbOnA/o.jpg,False,"{'address1': '1769 W Sunnyside Ave', 'address2': None, 'address3': '', 'city': 'Chicago', 'zip_code': '60640', 'country': 'US', 'state': 'IL', 'display_address': ['1769 W Sunnyside Ave', 'Chicago, IL 60640']}",Spacca Napoli,+17738782420,$$,4.0,1454,[],https://www.yelp.com/biz/spacca-napoli-chicago?adjust_creative=1siSLt3fuYEtiouLlx1Rkg&utm_campaign=yelp_api_v3&utm_medium=api_v3_business_search&utm_source=1siSLt3fuYEtiouLlx1Rkg
20,fat-chriss-pizza-and-such-chicago,"[{'alias': 'pizza', 'title': 'Pizza'}, {'alias': 'desserts', 'title': 'Desserts'}, {'alias': 'salad', 'title': 'Salad'}]","{'latitude': 41.9762649, 'longitude': -87.67228}",(773) 944-5444,7920.58909131514,aFBDlYavQOC58AnxSxcKQg,https://s3-media1.fl.yelpcdn.com/bphoto/jt0P6eTRPMBrWGV706Xzhg/o.jpg,False,"{'address1': '1706 W Foster Ave', 'address2': None, 'address3': '', 'city': 'Chicago', 'zip_code': '60640', 'country': 'US', 'state': 'IL', 'display_address': ['1706 W Foster Ave', 'Chicago, IL 60640']}",Fat Chris's Pizza and Such,+17739445444,$$,4.5,169,"['pickup', 'delivery']",https://www.yelp.com/biz/fat-chriss-pizza-and-such-chicago?adjust_creative=1siSLt3fuYEtiouLlx1Rkg&utm_campaign=yelp_api_v3&utm_medium=api_v3_business_search&utm_source=1siSLt3fuYEtiouLlx1Rkg
21,lou-malnatis-pizzeria-chicago,"[{'alias': 'pizza', 'title': 'Pizza'}, {'alias': 'italian', 'title': 'Italian'}, {'alias': 'sandwiches', 'title': 'Sandwiches'}]","{'latitude': 41.890357, 'longitude': -87.633704}",(312) 828-9800,4000.9990531720227,8vFJH_paXsMocmEO_KAa3w,https://s3-media1.fl.yelpcdn.com/bphoto/cv0OrGAkBn4qdFOm3zuFjQ/o.jpg,False,"{'address1': '439 N Wells St', 'address2': '', 'address3': '', 'city': 'Chicago', 'zip_code': '60654', 'country': 'US', 'state': 'IL', 'display_address': ['439 N Wells St', 'Chicago, IL 60654']}",Lou Malnati's Pizzeria,+13128289800,$$,4.0,5826,"['pickup', 'delivery']",https://www.yelp.com/biz/lou-malnatis-pizzeria-chicago?adjust_creative=1siSLt3fuYEtiouLlx1Rkg&utm_campaign=yelp_api_v3&utm_medium=api_v3_business_search&utm_source=1siSLt3fuYEtiouLlx1Rkg
22,chicago-pizza-and-oven-grinder-company-chicago,"[{'alias': 'pizza', 'title': 'Pizza'}, {'alias': 'italian', 'title': 'Italian'}, {'alias': 'bars', 'title': 'Bars'}]","{'latitude': 41.92084, 'longitude': -87.63721}",(773) 248-2570,3773.741075238428,QNbWTNuAEMWOurHN8rMXnA,https://s3-media1.fl.yelpcdn.com/bphoto/WdA6f6kVd227P2QlRYwzXQ/o.jpg,False,"{'address1': '2121 N Clark St', 'address2': '', 'address3': '', 'city': 'Chicago', 'zip_code': '60614', 'country': 'US', 'state': 'IL', 'display_address': ['2121 N Clark St', 'Chicago, IL 60614']}",Chicago Pizza And Oven Grinder Company,+17732482570,$$,4.0,2409,[],https://www.yelp.com/biz/chicago-pizza-and-oven-grinder-company-chicago?adjust_creative=1siSLt3fuYEtiouLlx1Rkg&utm_campaign=yelp_api_v3&utm_medium=api_v3_business_search&utm_source=1siSLt3fuYEtiouLlx1Rkg
23,michaels-pizzeria-and-tavern-chicago-2,"[{'alias': 'pubs', 'title': 'Pubs'}, {'alias': 'tradamerican', 'title': 'American (Traditional)'}, {'alias': 'pizza', 'title': 'Pizza'}]","{'latitude': 41.9568480328734, 'longitude': -87.6518151894969}",(773) 929-4149,6135.317247359625,z8G5AfXYbJD2jQpSEF633g,https://s3-media1.fl.yelpcdn.com/bphoto/im5f5MbjPUrXV4r4hYJjJg/o.jpg,False,"{'address1': '4091 N Broadway St', 'address2': '', 'address3': '', 'city': 'Chicago', 'zip_code': '60613', 'country': 'US', 'state': 'IL', 'display_address': ['4091 N Broadway St', 'Chicago, IL 60613']}",Michael's Pizzeria & Tavern,+17739294149,$$,4.0,531,"['pickup', 'delivery']",https://www.yelp.com/biz/michaels-pizzeria-and-tavern-chicago-2?adjust_creative=1siSLt3fuYEtiouLlx1Rkg&utm_campaign=yelp_api_v3&utm_medium=api_v3_business_search&utm_source=1siSLt3fuYEtiouLlx1Rkg
24,lou-malnatis-pizzeria-chicago-8,"[{'alias': 'bars', 'title': 'Bars'}, {'alias': 'pizza', 'title': 'Pizza'}, {'alias': 'italian', 'title': 'Italian'}]","{'latitude': 41.90259525277, 'longitude': -87.6286705209015}",(312) 725-7777,4072.9697331737007,FqzYCiJ29FGw6KFAGrpuJQ,https://s3-media4.fl.yelpcdn.com/bphoto/K2p551mK0j3vtsfFFsAPhA/o.jpg,False,"{'address1': '1120 N State St', 'address2': '', 'address3': '', 'city': 'Chicago', 'zip_code': '60610', 'country': 'US', 'state': 'IL', 'display_address': ['1120 N State St', 'Chicago, IL 60610']}",Lou Malnati's Pizzeria,+13127257777,$$,4.0,1452,"['pickup', 'delivery']",https://www.yelp.com/biz/lou-malnatis-pizzeria-chicago-8?adjust_creative=1siSLt3fuYEtiouLlx1Rkg&utm_campaign=yelp_api_v3&utm_medium=api_v3_business_search&utm_source=1siSLt3fuYEtiouLlx1Rkg
25,mama-milanos-pizza-bar-chicago,"[{'alias': 'pizza', 'title': 'Pizza'}, {'alias': 'bars', 'title': 'Bars'}, {'alias': 'italian', 'title': 'Italian'}]","{'latitude': 41.9082483791263, 'longitude': -87.6343194664086}",(312) 787-3710,3611.6926158986357,9vfM3389qnOhsMYO7ec6NA,https://s3-media2.fl.yelpcdn.com/bphoto/xkj0e_RQbjQmmteOTpbiyw/o.jpg,False,"{'address1': '1419 N Wells St', 'address2': '', 'address3': '', 'city': 'Chicago', 'zip_code': '60610', 'country': 'US', 'state': 'IL', 'display_address': ['1419 N Wells St', 'Chicago, IL 60610']}",Mama Milano's Pizza Bar,+13127873710,$$,4.0,189,"['pickup', 'delivery']",https://www.yelp.com/biz/mama-milanos-pizza-bar-chicago?adjust_creative=1siSLt3fuYEtiouLlx1Rkg&utm_campaign=yelp_api_v3&utm_medium=api_v3_business_search&utm_source=1siSLt3fuYEtiouLlx1Rkg
26,sorrento-pizza-chicago,"[{'alias': 'pizza', 'title': 'Pizza'}]","{'latitude': 41.930194, 'longitude': -87.806121}",(773) 622-6000,10984.296657840168,fzFs2dNpZrZyxgYBgSSZkQ,https://s3-media3.fl.yelpcdn.com/bphoto/rZoWL99-vqRACck31RgjOw/o.jpg,False,"{'address1': '2743 N Harlem Ave', 'address2': '', 'address3': '', 'city': 'Chicago', 'zip_code': '60707', 'country': 'US', 'state': 'IL', 'display_address': ['2743 N Harlem Ave', 'Chicago, IL 60707']}",Sorrento Pizza,+17736226000,$$,4.5,75,[],https://www.yelp.com/biz/sorrento-pizza-chicago?adjust_creative=1siSLt3fuYEtiouLlx1Rkg&utm_campaign=yelp_api_v3&utm_medium=api_v3_business_search&utm_source=1siSLt3fuYEtiouLlx1Rkg
27,piece-brewery-and-pizzeria-chicago,"[{'alias': 'pizza', 'title': 'Pizza'}, {'alias': 'breweries', 'title': 'Breweries'}]","{'latitude': 41.9103256994423, 'longitude': -87.6760850295053}",(773) 772-4422,591.0619431782094,Z2nOMPedr7XYhgYhILJjEA,https://s3-media1.fl.yelpcdn.com/bphoto/aIALgJSmafrAcJObw0_JIg/o.jpg,False,"{'address1': '1927 W North Ave', 'address2': '', 'address3': '', 'city': 'Chicago', 'zip_code': '60622', 'country': 'US', 'state': 'IL', 'display_address': ['1927 W North Ave', 'Chicago, IL 60622']}",Piece Brewery and Pizzeria,+17737724422,$$,4.0,3467,"['pickup', 'delivery']",https://www.yelp.com/biz/piece-brewery-and-pizzeria-chicago?adjust_creative=1siSLt3fuYEtiouLlx1Rkg&utm_campaign=yelp_api_v3&utm_medium=api_v3_business_search&utm_source=1siSLt3fuYEtiouLlx1Rkg
28,lou-malnatis-pizzeria-chicago-9,"[{'alias': 'pizza', 'title': 'Pizza'}, {'alias': 'italian', 'title': 'Italian'}]","{'latitude': 41.871566, 'longitude': -87.627275}",(312) 786-1000,5605.468450285993,cxAkuwv7p4gm4Coixw7h9A,https://s3-media1.fl.yelpcdn.com/bphoto/AyXPaFggegji5ZogLsSLzw/o.jpg,False,"{'address1': '805 S State St', 'address2': '', 'address3': '', 'city': 'Chicago', 'zip_code': '60605', 'country': 'US', 'state': 'IL', 'display_address': ['805 S State St', 'Chicago, IL 60605']}",Lou Malnati's Pizzeria,+13127861000,$$,4.0,2471,"['pickup', 'delivery']",https://www.yelp.com/biz/lou-malnatis-pizzeria-chicago-9?adjust_creative=1siSLt3fuYEtiouLlx1Rkg&utm_campaign=yelp_api_v3&utm_medium=api_v3_business_search&utm_source=1siSLt3fuYEtiouLlx1Rkg
29,home-team-pizza-chicago,"[{'alias': 'pizza', 'title': 'Pizza'}]","{'latitude': 41.89237, 'longitude': -87.6619}",(312) 877-5929,1933.3592031686132,5WDvhJkcXWUYKdq3I9qHRw,https://s3-media3.fl.yelpcdn.com/bphoto/84XtiPowf1bQOBlkZ-ONrA/o.jpg,False,"{'address1': '1363 W Ohio St', 'address2': None, 'address3': '', 'city': 'Chicago', 'zip_code': '60642', 'country': 'US', 'state': 'IL', 'display_address': ['1363 W Ohio St', 'Chicago, IL 60642']}",Home Team Pizza,+13128775929,$,4.5,79,"['pickup', 'delivery']",https://www.yelp.com/biz/home-team-pizza-chicago?adjust_creative=1siSLt3fuYEtiouLlx1Rkg&utm_campaign=yelp_api_v3&utm_medium=api_v3_business_search&utm_source=1siSLt3fuYEtiouLlx1Rkg
30,easy-street-chicago,"[{'alias': 'pizza', 'title': 'Pizza'}, {'alias': 'beergardens', 'title': 'Beer Gardens'}, {'alias': 'cocktailbars', 'title': 'Cocktail Bars'}]","{'latitude': 41.94921, 'longitude': -87.76721}",(773) 993-0464,8865.692610914966,weNxGBwAOW_CVMBu02CUBQ,https://s3-media2.fl.yelpcdn.com/bphoto/TCjklLnQDpkGJ96kIuwf4g/o.jpg,False,"{'address1': '3750 N Central Ave', 'address2': '', 'address3': None, 'city': 'Chicago', 'zip_code': '60634', 'country': 'US', 'state': 'IL', 'display_address': ['3750 N Central Ave', 'Chicago, IL 60634']}",Easy Street,+17739930464,$$,4.0,173,"['pickup', 'delivery']",https://www.yelp.com/biz/easy-street-chicago?adjust_creative=1siSLt3fuYEtiouLlx1Rkg&utm_campaign=yelp_api_v3&utm_medium=api_v3_business_search&utm_source=1siSLt3fuYEtiouLlx1Rkg
31,ciprianis-pizza-chicago,"[{'alias': 'pizza', 'title': 'Pizza'}]","{'latitude': 41.778190612793, 'longitude': -87.7681884765625}",(773) 582-3747,15974.385847770982,LrcRLcCGsSNJjTKKK9UgYw,https://s3-media2.fl.yelpcdn.com/bphoto/_LHmldUIRRs5T9qryH5n5w/o.jpg,False,"{'address1': '5840 W 63rd St', 'address2': '', 'address3': '', 'city': 'Chicago', 'zip_code': '60638', 'country': 'US', 'state': 'IL', 'display_address': ['5840 W 63rd St', 'Chicago, IL 60638']}",Cipriani's Pizza,+17735823747,$$,4.5,99,"['pickup', 'delivery']",https://www.yelp.com/biz/ciprianis-pizza-chicago?adjust_creative=1siSLt3fuYEtiouLlx1Rkg&utm_campaign=yelp_api_v3&utm_medium=api_v3_business_search&utm_source=1siSLt3fuYEtiouLlx1Rkg
32,crushed-pizzeria-chicago,"[{'alias': 'pizza', 'title': 'Pizza'}]","{'latitude': 41.961405, 'longitude': -87.669747}",(773) 327-9200,6294.358139803839,NTP9UXFixe_6WTitLZfu6Q,https://s3-media1.fl.yelpcdn.com/bphoto/Yf9q02BrMSRr1yDxLqRgQw/o.jpg,False,"{'address1': '1607 W Montrose Ave', 'address2': '', 'address3': None, 'city': 'Chicago', 'zip_code': '60613', 'country': 'US', 'state': 'IL', 'display_address': ['1607 W Montrose Ave', 'Chicago, IL 60613']}",Crushed Pizzeria,+17733279200,,4.5,31,[],https://www.yelp.com/biz/crushed-pizzeria-chicago?adjust_creative=1siSLt3fuYEtiouLlx1Rkg&utm_campaign=yelp_api_v3&utm_medium=api_v3_business_search&utm_source=1siSLt3fuYEtiouLlx1Rkg
33,bartolis-pizzeria-chicago,"[{'alias': 'pizza', 'title': 'Pizza'}]","{'latitude': 41.946666, 'longitude': -87.678302}",(773) 248-0455,4615.548112198609,ahFb5vmsXzhh8tHqyHyddg,https://s3-media2.fl.yelpcdn.com/bphoto/vzD4BA8Zqc-w4ZuUBQ3lpw/o.jpg,False,"{'address1': '1955 W Addison St', 'address2': '', 'address3': '', 'city': 'Chicago', 'zip_code': '60613', 'country': 'US', 'state': 'IL', 'display_address': ['1955 W Addison St', 'Chicago, IL 60613']}",Bartoli's Pizzeria,+17732480455,$,4.0,255,"['pickup', 'delivery']",https://www.yelp.com/biz/bartolis-pizzeria-chicago?adjust_creative=1siSLt3fuYEtiouLlx1Rkg&utm_campaign=yelp_api_v3&utm_medium=api_v3_business_search&utm_source=1siSLt3fuYEtiouLlx1Rkg
34,the-art-of-pizza-chicago,"[{'alias': 'pizza', 'title': 'Pizza'}, {'alias': 'italian', 'title': 'Italian'}, {'alias': 'salad', 'title': 'Salad'}]","{'latitude': 41.9371221, 'longitude': -87.6683814}",(773) 327-5600,3637.2629549501803,tW2jfL-qMccAYZSghPBbHA,https://s3-media1.fl.yelpcdn.com/bphoto/ZqBGJKZlLqhXl63TNHk2eg/o.jpg,False,"{'address1': '3033 N Ashland Ave', 'address2': '', 'address3': '', 'city': 'Chicago', 'zip_code': '60657', 'country': 'US', 'state': 'IL', 'display_address': ['3033 N Ashland Ave', 'Chicago, IL 60657']}",The Art of Pizza,+17733275600,$,4.0,1146,"['pickup', 'delivery']",https://www.yelp.com/biz/the-art-of-pizza-chicago?adjust_creative=1siSLt3fuYEtiouLlx1Rkg&utm_campaign=yelp_api_v3&utm_medium=api_v3_business_search&utm_source=1siSLt3fuYEtiouLlx1Rkg
35,the-warehouse-bar-and-pizzeria-chicago-chicago-2,"[{'alias': 'pizza', 'title': 'Pizza'}, {'alias': 'sportsbars', 'title': 'Sports Bars'}]","{'latitude': 41.92493, 'longitude': -87.6641099}",(773) 661-6454,2476.746960079815,c1UpBs334fvFYFP-tzmhnw,https://s3-media1.fl.yelpcdn.com/bphoto/yx6pQhua2uPzIuMQchkhyg/o.jpg,False,"{'address1': '1419 W Fullerton Ave', 'address2': None, 'address3': '', 'city': 'Chicago', 'zip_code': '60614', 'country': 'US', 'state': 'IL', 'display_address': ['1419 W Fullerton Ave', 'Chicago, IL 60614']}",The Warehouse Bar & Pizzeria Chicago,+17736616454,$$,4.0,205,"['pickup', 'delivery']",https://www.yelp.com/biz/the-warehouse-bar-and-pizzeria-chicago-chicago-2?adjust_creative=1siSLt3fuYEtiouLlx1Rkg&utm_campaign=yelp_api_v3&utm_medium=api_v3_business_search&utm_source=1siSLt3fuYEtiouLlx1Rkg
36,lou-malnatis-pizzeria-chicago-20,"[{'alias': 'pizza', 'title': 'Pizza'}, {'alias': 'italian', 'title': 'Italian'}]","{'latitude': 41.908901, 'longitude': -87.6774103}",(773) 395-2400,417.09597744360354,84r_TaEPqE1bnYFLqYdOtQ,https://s3-media2.fl.yelpcdn.com/bphoto/TvRZvs9wui4quthp-pshfA/o.jpg,False,"{'address1': '1520 N Damen Ave', 'address2': '', 'address3': '', 'city': 'Chicago', 'zip_code': '60622', 'country': 'US', 'state': 'IL', 'display_address': ['1520 N Damen Ave', 'Chicago, IL 60622']}",Lou Malnati's Pizzeria,+17733952400,$$,4.0,337,"['pickup', 'delivery']",https://www.yelp.com/biz/lou-malnatis-pizzeria-chicago-20?adjust_creative=1siSLt3fuYEtiouLlx1Rkg&utm_campaign=yelp_api_v3&utm_medium=api_v3_business_search&utm_source=1siSLt3fuYEtiouLlx1Rkg
37,pequods-pizzeria-chicago,"[{'alias': 'pizza', 'title': 'Pizza'}]","{'latitude': 41.92187, 'longitude': -87.664486}",(773) 327-1512,2158.7084581522413,DXwSYgiXqIVNdO9dazel6w,https://s3-media2.fl.yelpcdn.com/bphoto/jlB3XA4XnnoU6omD9TSk5Q/o.jpg,False,"{'address1': '2207 N Clybourn Ave', 'address2': '', 'address3': '', 'city': 'Chicago', 'zip_code': '60614', 'country': 'US', 'state': 'IL', 'display_address': ['2207 N Clybourn Ave', 'Chicago, IL 60614']}",Pequod's Pizzeria,+17733271512,$$,4.0,5683,"['pickup', 'restaurant_reservation', 'delivery']",https://www.yelp.com/biz/pequods-pizzeria-chicago?adjust_creative=1siSLt3fuYEtiouLlx1Rkg&utm_campaign=yelp_api_v3&utm_medium=api_v3_business_search&utm_source=1siSLt3fuYEtiouLlx1Rkg
38,lou-malnatis-pizzeria-chicago-19,"[{'alias': 'pizza', 'title': 'Pizza'}, {'alias': 'italian', 'title': 'Italian'}]","{'latitude': 41.9291500907879, 'longitude': -87.6535692116174}",(773) 832-4030,3335.314840236028,u5rIwydmTiuhaa8DN91-dw,https://s3-media4.fl.yelpcdn.com/bphoto/G3wQ5_BlgM9lO0BvKPlLqQ/o.jpg,False,"{'address1': '958 W Wrightwood Ave', 'address2': '', 'address3': '', 'city': 'Chicago', 'zip_code': '60614', 'country': 'US', 'state': 'IL', 'display_address': ['958 W Wrightwood Ave', 'Chicago, IL 60614']}",Lou Malnati's Pizzeria,+17738324030,$$,4.0,756,"['pickup', 'delivery']",https://www.yelp.com/biz/lou-malnatis-pizzeria-chicago-19?adjust_creative=1siSLt3fuYEtiouLlx1Rkg&utm_campaign=yelp_api_v3&utm_medium=api_v3_business_search&utm_source=1siSLt3fuYEtiouLlx1Rkg
39,coalfire-pizza-chicago-2,"[{'alias': 'pizza', 'title': 'Pizza'}]","{'latitude': 41.9491958618164, 'longitude': -87.6637115478516}",(773) 477-2625,5043.60207669511,FDUfvqQK8EA2biX3xDPAyg,https://s3-media1.fl.yelpcdn.com/bphoto/Uuzd5Bg_07WRV69RXwb1fQ/o.jpg,False,"{'address1': '3707 N Southport Ave', 'address2': '', 'address3': '', 'city': 'Chicago', 'zip_code': '60613', 'country': 'US', 'state': 'IL', 'display_address': ['3707 N Southport Ave', 'Chicago, IL 60613']}",Coalfire Pizza,+17734772625,$$,4.0,269,['pickup'],https://www.yelp.com/biz/coalfire-pizza-chicago-2?adjust_creative=1siSLt3fuYEtiouLlx1Rkg&utm_campaign=yelp_api_v3&utm_medium=api_v3_business_search&utm_source=1siSLt3fuYEtiouLlx1Rkg
40,nueva-italy-pizzeria-chicago,"[{'alias': 'pizza', 'title': 'Pizza'}]","{'latitude': 42.0117721, 'longitude': -87.6743132}",(773) 681-0689,11848.183673255806,MT2XQCqKJr3ZfLpqG2v-Vw,https://s3-media2.fl.yelpcdn.com/bphoto/wp0yJ-YOkE84yHxqqhFrkw/o.jpg,False,"{'address1': '7109 N Clark St', 'address2': '', 'address3': '', 'city': 'Chicago', 'zip_code': '60626', 'country': 'US', 'state': 'IL', 'display_address': ['7109 N Clark St', 'Chicago, IL 60626']}",Nueva Italy Pizzeria,+17736810689,$$,4.0,174,"['pickup', 'delivery']",https://www.yelp.com/biz/nueva-italy-pizzeria-chicago?adjust_creative=1siSLt3fuYEtiouLlx1Rkg&utm_campaign=yelp_api_v3&utm_medium=api_v3_business_search&utm_source=1siSLt3fuYEtiouLlx1Rkg
41,dimos-pizza-chicago-2,"[{'alias': 'pizza', 'title': 'Pizza'}, {'alias': 'bbq', 'title': 'Barbeque'}, {'alias': 'italian', 'title': 'Italian'}]","{'latitude': 41.94521, 'longitude': -87.65467}",(773) 525-4580,4844.825481771597,xlX-nO0SaNwjGueCsgV-0g,https://s3-media2.fl.yelpcdn.com/bphoto/wYYtpIqmCmlSxarD6wv4XQ/o.jpg,False,"{'address1': '3463 N Clark St', 'address2': '', 'address3': '', 'city': 'Chicago', 'zip_code': '60657', 'country': 'US', 'state': 'IL', 'display_address': ['3463 N Clark St', 'Chicago, IL 60657']}",Dimo's Pizza,+17735254580,$,4.0,913,"['pickup', 'delivery']",https://www.yelp.com/biz/dimos-pizza-chicago-2?adjust_creative=1siSLt3fuYEtiouLlx1Rkg&utm_campaign=yelp_api_v3&utm_medium=api_v3_business_search&utm_source=1siSLt3fuYEtiouLlx1Rkg
42,si-pie-pizzeria-chicago,"[{'alias': 'pizza', 'title': 'Pizza'}, {'alias': 'sandwiches', 'title': 'Sandwiches'}, {'alias': 'chicken_wings', 'title': 'Chicken Wings'}]","{'latitude': 41.945351, 'longitude': -87.6459276}",(773) 360-1862,5187.536562081469,F7SE2NPZLwolMCzt3qXzzQ,https://s3-media2.fl.yelpcdn.com/bphoto/jBO8Jr-IHFKZMN8cDLsQNw/o.jpg,False,"{'address1': '3477 N Broadway St', 'address2': '', 'address3': '', 'city': 'Chicago', 'zip_code': '60657', 'country': 'US', 'state': 'IL', 'display_address': ['3477 N Broadway St', 'Chicago, IL 60657']}",Si-Pie Pizzeria,+17733601862,$,4.0,277,"['pickup', 'delivery']",https://www.yelp.com/biz/si-pie-pizzeria-chicago?adjust_creative=1siSLt3fuYEtiouLlx1Rkg&utm_campaign=yelp_api_v3&utm_medium=api_v3_business_search&utm_source=1siSLt3fuYEtiouLlx1Rkg
43,eataly-chicago-3,"[{'alias': 'gourmet', 'title': 'Specialty Food'}, {'alias': 'pizza', 'title': 'Pizza'}, {'alias': 'italian', 'title': 'Italian'}]","{'latitude': 41.892335432963, 'longitude': -87.6262607945148}",(312) 521-8700,4494.921888413769,t2nXebM7aqTj_qq6saZ89g,https://s3-media1.fl.yelpcdn.com/bphoto/g4EZlxKCbLqHXNraWyw9-w/o.jpg,False,"{'address1': '43 E Ohio St', 'address2': '', 'address3': '', 'city': 'Chicago', 'zip_code': '60611', 'country': 'US', 'state': 'IL', 'display_address': ['43 E Ohio St', 'Chicago, IL 60611']}",Eataly,+13125218700,$$,4.0,3528,[],https://www.yelp.com/biz/eataly-chicago-3?adjust_creative=1siSLt3fuYEtiouLlx1Rkg&utm_campaign=yelp_api_v3&utm_medium=api_v3_business_search&utm_source=1siSLt3fuYEtiouLlx1Rkg
44,pizza-castle-chicago-3,"[{'alias': 'pizza', 'title': 'Pizza'}]","{'latitude': 41.7937341881922, 'longitude': -87.7055240795016}",(773) 776-1075,12601.427013606995,AyUfTvlbSMTmhMWZ7nmjwQ,https://s3-media2.fl.yelpcdn.com/bphoto/jPITD-XNy45edrT-Jw70bw/o.jpg,False,"{'address1': '3256 W 55th St', 'address2': '', 'address3': '', 'city': 'Chicago', 'zip_code': '60632', 'country': 'US', 'state': 'IL', 'display_address': ['3256 W 55th St', 'Chicago, IL 60632']}",Pizza Castle,+17737761075,$,4.5,80,[],https://www.yelp.com/biz/pizza-castle-chicago-3?adjust_creative=1siSLt3fuYEtiouLlx1Rkg&utm_campaign=yelp_api_v3&utm_medium=api_v3_business_search&utm_source=1siSLt3fuYEtiouLlx1Rkg
45,reno-chicago,"[{'alias': 'tradamerican', 'title': 'American (Traditional)'}, {'alias': 'pizza', 'title': 'Pizza'}, {'alias': 'bagels', 'title': 'Bagels'}]","{'latitude': 41.929155, 'longitude': -87.707174}",(773) 697-4234,3611.1616023222155,48LgtDgqtzQpF8KYUb1pJg,https://s3-media1.fl.yelpcdn.com/bphoto/y49BwMT9CdyND3wkXGNCTw/o.jpg,False,"{'address1': '2607 N Milwaukee Ave', 'address2': '', 'address3': '', 'city': 'Chicago', 'zip_code': '60647', 'country': 'US', 'state': 'IL', 'display_address': ['2607 N Milwaukee Ave', 'Chicago, IL 60647']}",Reno,+17736974234,$$,4.0,484,['delivery'],https://www.yelp.com/biz/reno-chicago?adjust_creative=1siSLt3fuYEtiouLlx1Rkg&utm_campaign=yelp_api_v3&utm_medium=api_v3_business_search&utm_source=1siSLt3fuYEtiouLlx1Rkg
46,my-pi-pizza-chicago,"[{'alias': 'pizza', 'title': 'Pizza'}]","{'latitude': 41.918533, 'longitude': -87.67779}",(773) 394-6900,1487.0922646351964,Mp1-ZUhNcXUAM-D3h3nGkQ,https://s3-media1.fl.yelpcdn.com/bphoto/AEPppNM4fzEzphASDTjIaA/o.jpg,False,"{'address1': '2010 N Damen Ave', 'address2': '', 'address3': '', 'city': 'Chicago', 'zip_code': '60647', 'country': 'US', 'state': 'IL', 'display_address': ['2010 N Damen Ave', 'Chicago, IL 60647']}",My Pi Pizza,+17733946900,$$,4.0,345,"['pickup', 'delivery']",https://www.yelp.com/biz/my-pi-pizza-chicago?adjust_creative=1siSLt3fuYEtiouLlx1Rkg&utm_campaign=yelp_api_v3&utm_medium=api_v3_business_search&utm_source=1siSLt3fuYEtiouLlx1Rkg
47,bacinos-of-lincoln-park-chicago,"[{'alias': 'pizza', 'title': 'Pizza'}, {'alias': 'italian', 'title': 'Italian'}]","{'latitude': 41.9220898692102, 'longitude': -87.6441773455396}",(773) 472-7400,3356.8289195039206,XeJkMq4uK4KJgbxL9_Ublg,https://s3-media4.fl.yelpcdn.com/bphoto/-j1v4XcBfvQ_xTMptUe0Yg/o.jpg,False,"{'address1': '2204 N Lincoln Ave', 'address2': '', 'address3': '', 'city': 'Chicago', 'zip_code': '60614', 'country': 'US', 'state': 'IL', 'display_address': ['2204 N Lincoln Ave', 'Chicago, IL 60614']}",Bacino's of Lincoln Park,+17734727400,$$,4.0,382,"['pickup', 'delivery']",https://www.yelp.com/biz/bacinos-of-lincoln-park-chicago?adjust_creative=1siSLt3fuYEtiouLlx1Rkg&utm_campaign=yelp_api_v3&utm_medium=api_v3_business_search&utm_source=1siSLt3fuYEtiouLlx1Rkg
48,tortorices-pizza-and-catering-chicago-2,"[{'alias': 'italian', 'title': 'Italian'}, {'alias': 'pizza', 'title': 'Pizza'}, {'alias': 'chicken_wings', 'title': 'Chicken Wings'}]","{'latitude': 41.89113, 'longitude': -87.67142}",(312) 243-4444,1646.8359419581643,fzK4OXv1CL-aeVaLwbbxBw,https://s3-media4.fl.yelpcdn.com/bphoto/5dbqkHJVsbJem5m69ZWFtQ/o.jpg,False,"{'address1': '1746 W Grand Ave', 'address2': None, 'address3': '', 'city': 'Chicago', 'zip_code': '60622', 'country': 'US', 'state': 'IL', 'display_address': ['1746 W Grand Ave', 'Chicago, IL 60622']}",Tortorice's Pizza & Catering,+13122434444,$$,4.0,241,"['pickup', 'delivery']",https://www.yelp.com/biz/tortorices-pizza-and-catering-chicago-2?adjust_creative=1siSLt3fuYEtiouLlx1Rkg&utm_campaign=yelp_api_v3&utm_medium=api_v3_business_search&utm_source=1siSLt3fuYEtiouLlx1Rkg
49,paulie-gees-logan-square-chicago,"[{'alias': 'pizza', 'title': 'Pizza'}, {'alias': 'salad', 'title': 'Salad'}, {'alias': 'cocktailbars', 'title': 'Cocktail Bars'}]","{'latitude': 41.92589, 'longitude': -87.70168}",(773) 360-1072,3045.7609425216997,Xh5vGcoKk-SaBw7GUZDFxg,https://s3-media4.fl.yelpcdn.com/bphoto/Pk1Gq00_y7i4qSjqNcITeQ/o.jpg,False,"{'address1': '2451 N Milwaukee Ave', 'address2': '', 'address3': '', 'city': 'Chicago', 'zip_code': '60647', 'country': 'US', 'state': 'IL', 'display_address': ['2451 N Milwaukee Ave', 'Chicago, IL 60647']}",Paulie Gee's Logan Square,+17733601072,$$,4.0,329,"['pickup', 'delivery']",https://www.yelp.com/biz/paulie-gees-logan-square-chicago?adjust_creative=1siSLt3fuYEtiouLlx1Rkg&utm_campaign=yelp_api_v3&utm_medium=api_v3_business_search&utm_source=1siSLt3fuYEtiouLlx1Rkg
